<?xml version="1.0" encoding="UTF-8"?>
<project-private xmlns="http://www.netbeans.org/ns/project-private/1">
    <editor-bookmarks xmlns="http://www.netbeans.org/ns/editor-bookmarks/2" lastBookmarkId="0"/>
    <open-files xmlns="http://www.netbeans.org/ns/projectui-open-files/2">
        <group>
            <file>file:/D:/Faculdade/Unitau%20Matéria/Linguagem%20de%20programacao/Atividade%20Continuada/AppContaCorrenteSimples/src/appcontacorrentesimples/ContaCorrente.java</file>
            <file>file:/D:/Faculdade/Unitau%20Matéria/Linguagem%20de%20programacao/Atividade%20Continuada/AppContaCorrenteSimples/src/appcontacorrentesimples/Principal.java</file>
        </group>
    </open-files>
</project-private>
